{"cameraMode":{"drawMode":0,"name":"Shaded","section":"Shading Mode"},"sceneLighting":true,"audioPlay":false,"sceneViewState":{"showFog":true,"showMaterialUpdate":false,"showSkybox":true,"showFlares":true,"showImageEffects":true,"showParticleSystems":true},"in2DMode":false,"pivot":{"x":1.184441328048706,"y":4.534152030944824,"z":-13.374341011047364},"rotation":{"x":-0.15823955833911897,"y":0.8368380069732666,"z":-0.4170273542404175,"w":-0.31757721304893496},"size":10.0,"orthographic":false}